,0,1,2,3,4,5,6,7,8,chain_break_fraction,energy,num_occurrences
0,-1,1,-1,1,-1,-1,-1,-1,1,0.0,-10.847738,4
1,-1,1,-1,1,-1,-1,-1,-1,-1,0.0,-9.808838000000002,2
2,1,-1,1,-1,1,-1,1,1,1,0.0,-9.248302000000002,1
3,1,1,1,-1,1,-1,1,1,1,0.0,-8.973327000000001,1
4,-1,1,-1,1,-1,1,-1,-1,1,0.0,-8.764491999999997,2
