,0,1,2,3,4,5,6,7,8,chain_break_fraction,energy,num_occurrences
0,-1,-1,-1,-1,-1,-1,-1,-1,-1,0.0,-18.033485485480636,3
1,-1,1,-1,-1,-1,1,-1,-1,1,0.0,-15.561828537463356,2
2,1,-1,1,1,1,-1,1,1,-1,0.0,-15.5586341024024,1
3,1,1,1,1,1,1,1,1,1,0.0,-15.505632638686375,2
4,-1,1,1,1,-1,1,1,-1,1,0.0,-15.359638232510694,1
5,-1,1,1,-1,-1,1,-1,-1,1,0.0,-12.932061345117464,1
